term,beta_ols,se_ols,beta_iv,se_iv,t_ols,t_iv,p_ols,p_iv
Pepsi* Store1,0.03136917327614697,0.024301892439668873,0.027934624989072177,0.026472546938115033,1.290811954419727,1.0552299729366823,0.19687712131821825,0.2914126200833981
Pepsi* Store2,0.8336937811824612,0.02456160444022235,0.8630597609845836,0.028737644950800195,33.94296912530662,30.032376085868226,2.552610339562204e-211,1.1003152038485e-171
Pepsi* Store3,1.0860530273577922,0.02446527312370625,1.1216778137884091,0.029544543562625755,44.39161671591695,37.96565045626045,0.0,4.324301799694255e-254
Pepsi* Store4,1.5011630897896424,0.024735391331014153,1.560726890819808,0.034400513419044994,60.688875696396536,45.36929062098678,0.0,0.0
Pepsi* Store5,1.0587837117216168,0.024560197195775593,1.1194036059215051,0.03449041770507736,43.109739847843315,32.455495769676254,7.980625797227e-311,5.508442999960431e-196
Pepsi* Store6,0.7652779128618192,0.024423007558444364,0.7948249953653175,0.028621563364269288,31.334302748361594,27.770146069573705,1.2477220064786157e-184,7.153891492556721e-150
Pepsi* Store7,0.7510066157485227,0.024763990317790942,0.7942069458182601,0.03110529762980601,30.326559092901302,25.5328515184252,1.3805351056511115e-174,2.94371842699396e-129
Coke* Store1,0.5149499132406987,0.024308197187582845,0.5262692515373999,0.02676205231004638,21.184208325566253,19.664756851993758,2.0983135821855783e-92,1.1340309485055223e-80
Coke* Store2,1.1196934275416055,0.024730186692910352,1.1676805407433335,0.031969114288887025,45.276383936988196,36.52527030281968,0.0,1.399175585300175e-238
Coke* Store3,1.1839725802423686,0.024362568315669516,1.2136513755962284,0.028578170232033146,48.5980199173361,42.46777752887243,0.0,1.1876898169160221e-303
Coke* Store4,1.383168926348631,0.02477728347698746,1.4634666647929464,0.03950930256700712,55.82407480760693,37.04106551389844,0.0,4.117575202386748e-244
Coke* Store5,0.9187376529856124,0.024493759444651358,0.9676928388699366,0.031943463328513326,37.509050215900395,30.293923639962863,3.7477727429484193e-249,2.9014950590966355e-174
Coke* Store6,0.14656639208990896,0.024496458718420298,0.1395292597897111,0.02677532010110768,5.983166537443114,5.211114536178369,2.471339628154891e-09,2.015746615917096e-07
Coke* Store7,0.1256807911701543,0.024596153703034154,0.05754617152187791,0.036288377173997646,5.109774182076706,1.5858017360752215,3.445755446632418e-07,0.11289897272678412
Royal* Store1,-0.3772938646271058,0.02422237672465384,-0.39432991433741904,0.02706003564398331,-15.57625285561228,-14.572409272679458,1.7073414276442436e-52,2.1369055811536532e-46
Royal* Store2,0.17966818421322728,0.02453018781817957,0.19388765451920165,0.027177668303364474,7.324370508083651,7.134079802394204,3.1353781660483355e-13,1.2400292943408938e-12
Royal* Store3,0.22879547391850963,0.02424583117892358,0.25967301078307514,0.02862487854290309,9.43648713175059,9.0715847193509,7.9173483911394e-21,2.173452585059933e-19
Royal* Store4,0.33050072877223613,0.02426461760640263,0.33233490770275864,0.026411389693709476,13.620685647443622,12.583014811292282,6.183943617378431e-41,2.4051148530022208e-35
Royal* Store5,0.3667800932025358,0.02421873932826918,0.3724829862259611,0.026432931149584633,15.14447503774129,14.091626241451255,7.883496503619924e-50,1.3434043274635753e-43
Royal* Store6,-1.0861734562654703,0.024452007993657224,-1.1038568325754454,0.027356663923177357,-44.42062412817877,-40.35056451602733,0.0,3.635861315913322e-280
Royal* Store7,-1.1794287312722957,0.02486609644535856,-1.1927466813410206,0.02747836317980192,-47.43119748867719,-43.4067587481977,0.0,3.7698004905e-314
Private* Store1,0.03846240570398152,0.024150661208565214,0.038761530191877114,0.026279369949566957,1.5926025946792932,1.4749794331547832,0.1113640067213112,0.14033225526454293
Private* Store2,0.5620764018992048,0.02456850596880692,0.5890140774096153,0.028435313514748824,22.877923574711367,20.714175600845955,3.2847286897700964e-106,1.0455414033467478e-88
Private* Store3,1.040410682010048,0.02465922328524642,1.071796317907129,0.02911037163896504,42.191543098298816,36.818366017440326,1.426451443589709e-300,1.0139956228973688e-241
Private* Store4,1.1430171641851672,0.025426629854804646,1.2144665991463341,0.03776095166671369,44.95354558241549,32.16197011837727,0.0,5.38714205055681e-193
Private* Store5,0.5517927739156363,0.02415572371978157,0.5586537020325295,0.026400239201068546,22.843148080211023,21.160933345252346,6.416434518835534e-106,3.208956995487415e-92
Private* Store6,-0.04708295402687668,0.02391905565427678,-0.06408808338917993,0.026736112641713525,-1.968428633111949,-2.3970606440814466,0.0491187843517823,0.016593372190422645
pepsi-coke price,1.72747937827733e-05,0.08956539249711981,0.15413208243690946,0.11211958766118638,0.00019287353408660397,1.3747114634659594,0.9998461231398397,0.16933263216715622
pepsi-RC price,-0.12016918474760674,0.09106014380994405,-0.12100379737285305,0.09908607114265071,-1.3196682952578853,-1.2211988625388948,0.18705535995058967,0.22211515406221907
pepsi-PL price,0.06116596793988226,0.10319624485546655,-0.031171163044588113,0.11709952000835558,0.5927150549474878,-0.26619377297502084,0.5534204750401268,0.7901098836897942
coke-pepsi price,0.12888540453779873,0.10299041225637773,0.3814592440660718,0.14426204418715258,1.2514310964884738,2.644210722338032,0.21088340949138928,0.008234580952916175
coke-RC price,-0.06857624789104699,0.0911749508769792,-0.036638295971298085,0.09987334426877717,-0.7521391262779593,-0.3668475932146402,0.4520316031796623,0.7137608571417846
coke-PL price,0.19701741595883648,0.10348088239157244,0.1627457816607869,0.11327372053420286,1.9039015845779232,1.4367479137550356,0.057027019289090146,0.15090310135791984
RC-pepsi price,0.1686291821852932,0.10377018952498983,0.08799804246397613,0.11658052427573723,1.6250252886421115,0.7548262714605951,0.10427147132173657,0.4504177003202188
RC-coke price,0.19699231977988851,0.09052397946630336,0.20455845095776226,0.09853978122068202,2.176134113207174,2.0758971495953404,0.02962986786198014,0.03799594120593996
RC-PL price,0.1410926491095399,0.10362742990983968,0.18398609962271806,0.11381097256768243,1.3615376665453978,1.6165936857564684,0.17345509122905844,0.10608042243121053
PL-pepsi price,0.21074400965852647,0.10359402890837978,0.18250054750399158,0.11318094915678821,2.034325837881176,1.612467017317338,0.04201428090344311,0.10697480526727737
PL-coke price,0.21551608537382094,0.09054892233476758,0.2226647996382951,0.09856288135777372,2.380106574620937,2.259114146937765,0.01737523982039145,0.02395407777729899
PL-RC price,-0.0932960286187452,0.0912874041492667,-0.0363415359276118,0.10142313286107202,-1.0220033036123377,-0.35831604588069593,0.30686900380081,0.7201342439946641
Display,0.07782989733822543,0.008980545630972519,0.006324283079276682,0.027512295230698203,8.666499847158741,0.22987115492349222,7.463755871914493e-18,0.8182089439925015
Feature,0.13906925549293092,0.00904232845097944,0.10106205614216579,0.01684281210473439,15.379805793038553,6.00030775821325,2.833296291112227e-51,2.2270806395081134e-09
own_log_price,-0.934823818170893,0.055147504670575345,-2.1770324686332003,0.4507957980893885,-16.95133485649225,-4.8293095850940375,2.177573060781864e-61,1.4449204575224896e-06
intercept,2.623783473015493,0.01768935136927618,2.6341963470169247,0.019609349327960924,148.32558968626861,134.33369475757314,0.0,0.0
